{"spot_diameter_fullres": 177.4984743134119, "tissue_hires_scalef": 0.08250825, "fiducial_diameter_fullres": 286.7283046601269, "tissue_lowres_scalef": 0.024752475}